name,type,direction,description
b1_000,float,,Dimension 0 for Signaturizer3D dataset targets (B) mechanisms of action (B1)
b1_001,float,,Dimension 1 for Signaturizer3D dataset targets (B) mechanisms of action (B1)
b1_002,float,,Dimension 2 for Signaturizer3D dataset targets (B) mechanisms of action (B1)
b1_003,float,,Dimension 3 for Signaturizer3D dataset targets (B) mechanisms of action (B1)
b1_004,float,,Dimension 4 for Signaturizer3D dataset targets (B) mechanisms of action (B1)
b1_005,float,,Dimension 5 for Signaturizer3D dataset targets (B) mechanisms of action (B1)
b1_006,float,,Dimension 6 for Signaturizer3D dataset targets (B) mechanisms of action (B1)
b1_007,float,,Dimension 7 for Signaturizer3D dataset targets (B) mechanisms of action (B1)
b1_008,float,,Dimension 8 for Signaturizer3D dataset targets (B) mechanisms of action (B1)
b1_009,float,,Dimension 9 for Signaturizer3D dataset targets (B) mechanisms of action (B1)
b1_010,float,,Dimension 10 for Signaturizer3D dataset targets (B) mechanisms of action (B1)
b1_011,float,,Dimension 11 for Signaturizer3D dataset targets (B) mechanisms of action (B1)
b1_012,float,,Dimension 12 for Signaturizer3D dataset targets (B) mechanisms of action (B1)
b1_013,float,,Dimension 13 for Signaturizer3D dataset targets (B) mechanisms of action (B1)
b1_014,float,,Dimension 14 for Signaturizer3D dataset targets (B) mechanisms of action (B1)
b1_015,float,,Dimension 15 for Signaturizer3D dataset targets (B) mechanisms of action (B1)
b1_016,float,,Dimension 16 for Signaturizer3D dataset targets (B) mechanisms of action (B1)
b1_017,float,,Dimension 17 for Signaturizer3D dataset targets (B) mechanisms of action (B1)
b1_018,float,,Dimension 18 for Signaturizer3D dataset targets (B) mechanisms of action (B1)
b1_019,float,,Dimension 19 for Signaturizer3D dataset targets (B) mechanisms of action (B1)
b1_020,float,,Dimension 20 for Signaturizer3D dataset targets (B) mechanisms of action (B1)
b1_021,float,,Dimension 21 for Signaturizer3D dataset targets (B) mechanisms of action (B1)
b1_022,float,,Dimension 22 for Signaturizer3D dataset targets (B) mechanisms of action (B1)
b1_023,float,,Dimension 23 for Signaturizer3D dataset targets (B) mechanisms of action (B1)
b1_024,float,,Dimension 24 for Signaturizer3D dataset targets (B) mechanisms of action (B1)
b1_025,float,,Dimension 25 for Signaturizer3D dataset targets (B) mechanisms of action (B1)
b1_026,float,,Dimension 26 for Signaturizer3D dataset targets (B) mechanisms of action (B1)
b1_027,float,,Dimension 27 for Signaturizer3D dataset targets (B) mechanisms of action (B1)
b1_028,float,,Dimension 28 for Signaturizer3D dataset targets (B) mechanisms of action (B1)
b1_029,float,,Dimension 29 for Signaturizer3D dataset targets (B) mechanisms of action (B1)
b1_030,float,,Dimension 30 for Signaturizer3D dataset targets (B) mechanisms of action (B1)
b1_031,float,,Dimension 31 for Signaturizer3D dataset targets (B) mechanisms of action (B1)
b1_032,float,,Dimension 32 for Signaturizer3D dataset targets (B) mechanisms of action (B1)
b1_033,float,,Dimension 33 for Signaturizer3D dataset targets (B) mechanisms of action (B1)
b1_034,float,,Dimension 34 for Signaturizer3D dataset targets (B) mechanisms of action (B1)
b1_035,float,,Dimension 35 for Signaturizer3D dataset targets (B) mechanisms of action (B1)
b1_036,float,,Dimension 36 for Signaturizer3D dataset targets (B) mechanisms of action (B1)
b1_037,float,,Dimension 37 for Signaturizer3D dataset targets (B) mechanisms of action (B1)
b1_038,float,,Dimension 38 for Signaturizer3D dataset targets (B) mechanisms of action (B1)
b1_039,float,,Dimension 39 for Signaturizer3D dataset targets (B) mechanisms of action (B1)
b1_040,float,,Dimension 40 for Signaturizer3D dataset targets (B) mechanisms of action (B1)
b1_041,float,,Dimension 41 for Signaturizer3D dataset targets (B) mechanisms of action (B1)
b1_042,float,,Dimension 42 for Signaturizer3D dataset targets (B) mechanisms of action (B1)
b1_043,float,,Dimension 43 for Signaturizer3D dataset targets (B) mechanisms of action (B1)
b1_044,float,,Dimension 44 for Signaturizer3D dataset targets (B) mechanisms of action (B1)
b1_045,float,,Dimension 45 for Signaturizer3D dataset targets (B) mechanisms of action (B1)
b1_046,float,,Dimension 46 for Signaturizer3D dataset targets (B) mechanisms of action (B1)
b1_047,float,,Dimension 47 for Signaturizer3D dataset targets (B) mechanisms of action (B1)
b1_048,float,,Dimension 48 for Signaturizer3D dataset targets (B) mechanisms of action (B1)
b1_049,float,,Dimension 49 for Signaturizer3D dataset targets (B) mechanisms of action (B1)
b1_050,float,,Dimension 50 for Signaturizer3D dataset targets (B) mechanisms of action (B1)
b1_051,float,,Dimension 51 for Signaturizer3D dataset targets (B) mechanisms of action (B1)
b1_052,float,,Dimension 52 for Signaturizer3D dataset targets (B) mechanisms of action (B1)
b1_053,float,,Dimension 53 for Signaturizer3D dataset targets (B) mechanisms of action (B1)
b1_054,float,,Dimension 54 for Signaturizer3D dataset targets (B) mechanisms of action (B1)
b1_055,float,,Dimension 55 for Signaturizer3D dataset targets (B) mechanisms of action (B1)
b1_056,float,,Dimension 56 for Signaturizer3D dataset targets (B) mechanisms of action (B1)
b1_057,float,,Dimension 57 for Signaturizer3D dataset targets (B) mechanisms of action (B1)
b1_058,float,,Dimension 58 for Signaturizer3D dataset targets (B) mechanisms of action (B1)
b1_059,float,,Dimension 59 for Signaturizer3D dataset targets (B) mechanisms of action (B1)
b1_060,float,,Dimension 60 for Signaturizer3D dataset targets (B) mechanisms of action (B1)
b1_061,float,,Dimension 61 for Signaturizer3D dataset targets (B) mechanisms of action (B1)
b1_062,float,,Dimension 62 for Signaturizer3D dataset targets (B) mechanisms of action (B1)
b1_063,float,,Dimension 63 for Signaturizer3D dataset targets (B) mechanisms of action (B1)
b1_064,float,,Dimension 64 for Signaturizer3D dataset targets (B) mechanisms of action (B1)
b1_065,float,,Dimension 65 for Signaturizer3D dataset targets (B) mechanisms of action (B1)
b1_066,float,,Dimension 66 for Signaturizer3D dataset targets (B) mechanisms of action (B1)
b1_067,float,,Dimension 67 for Signaturizer3D dataset targets (B) mechanisms of action (B1)
b1_068,float,,Dimension 68 for Signaturizer3D dataset targets (B) mechanisms of action (B1)
b1_069,float,,Dimension 69 for Signaturizer3D dataset targets (B) mechanisms of action (B1)
b1_070,float,,Dimension 70 for Signaturizer3D dataset targets (B) mechanisms of action (B1)
b1_071,float,,Dimension 71 for Signaturizer3D dataset targets (B) mechanisms of action (B1)
b1_072,float,,Dimension 72 for Signaturizer3D dataset targets (B) mechanisms of action (B1)
b1_073,float,,Dimension 73 for Signaturizer3D dataset targets (B) mechanisms of action (B1)
b1_074,float,,Dimension 74 for Signaturizer3D dataset targets (B) mechanisms of action (B1)
b1_075,float,,Dimension 75 for Signaturizer3D dataset targets (B) mechanisms of action (B1)
b1_076,float,,Dimension 76 for Signaturizer3D dataset targets (B) mechanisms of action (B1)
b1_077,float,,Dimension 77 for Signaturizer3D dataset targets (B) mechanisms of action (B1)
b1_078,float,,Dimension 78 for Signaturizer3D dataset targets (B) mechanisms of action (B1)
b1_079,float,,Dimension 79 for Signaturizer3D dataset targets (B) mechanisms of action (B1)
b1_080,float,,Dimension 80 for Signaturizer3D dataset targets (B) mechanisms of action (B1)
b1_081,float,,Dimension 81 for Signaturizer3D dataset targets (B) mechanisms of action (B1)
b1_082,float,,Dimension 82 for Signaturizer3D dataset targets (B) mechanisms of action (B1)
b1_083,float,,Dimension 83 for Signaturizer3D dataset targets (B) mechanisms of action (B1)
b1_084,float,,Dimension 84 for Signaturizer3D dataset targets (B) mechanisms of action (B1)
b1_085,float,,Dimension 85 for Signaturizer3D dataset targets (B) mechanisms of action (B1)
b1_086,float,,Dimension 86 for Signaturizer3D dataset targets (B) mechanisms of action (B1)
b1_087,float,,Dimension 87 for Signaturizer3D dataset targets (B) mechanisms of action (B1)
b1_088,float,,Dimension 88 for Signaturizer3D dataset targets (B) mechanisms of action (B1)
b1_089,float,,Dimension 89 for Signaturizer3D dataset targets (B) mechanisms of action (B1)
b1_090,float,,Dimension 90 for Signaturizer3D dataset targets (B) mechanisms of action (B1)
b1_091,float,,Dimension 91 for Signaturizer3D dataset targets (B) mechanisms of action (B1)
b1_092,float,,Dimension 92 for Signaturizer3D dataset targets (B) mechanisms of action (B1)
b1_093,float,,Dimension 93 for Signaturizer3D dataset targets (B) mechanisms of action (B1)
b1_094,float,,Dimension 94 for Signaturizer3D dataset targets (B) mechanisms of action (B1)
b1_095,float,,Dimension 95 for Signaturizer3D dataset targets (B) mechanisms of action (B1)
b1_096,float,,Dimension 96 for Signaturizer3D dataset targets (B) mechanisms of action (B1)
b1_097,float,,Dimension 97 for Signaturizer3D dataset targets (B) mechanisms of action (B1)
b1_098,float,,Dimension 98 for Signaturizer3D dataset targets (B) mechanisms of action (B1)
b1_099,float,,Dimension 99 for Signaturizer3D dataset targets (B) mechanisms of action (B1)
b1_100,float,,Dimension 100 for Signaturizer3D dataset targets (B) mechanisms of action (B1)
b1_101,float,,Dimension 101 for Signaturizer3D dataset targets (B) mechanisms of action (B1)
b1_102,float,,Dimension 102 for Signaturizer3D dataset targets (B) mechanisms of action (B1)
b1_103,float,,Dimension 103 for Signaturizer3D dataset targets (B) mechanisms of action (B1)
b1_104,float,,Dimension 104 for Signaturizer3D dataset targets (B) mechanisms of action (B1)
b1_105,float,,Dimension 105 for Signaturizer3D dataset targets (B) mechanisms of action (B1)
b1_106,float,,Dimension 106 for Signaturizer3D dataset targets (B) mechanisms of action (B1)
b1_107,float,,Dimension 107 for Signaturizer3D dataset targets (B) mechanisms of action (B1)
b1_108,float,,Dimension 108 for Signaturizer3D dataset targets (B) mechanisms of action (B1)
b1_109,float,,Dimension 109 for Signaturizer3D dataset targets (B) mechanisms of action (B1)
b1_110,float,,Dimension 110 for Signaturizer3D dataset targets (B) mechanisms of action (B1)
b1_111,float,,Dimension 111 for Signaturizer3D dataset targets (B) mechanisms of action (B1)
b1_112,float,,Dimension 112 for Signaturizer3D dataset targets (B) mechanisms of action (B1)
b1_113,float,,Dimension 113 for Signaturizer3D dataset targets (B) mechanisms of action (B1)
b1_114,float,,Dimension 114 for Signaturizer3D dataset targets (B) mechanisms of action (B1)
b1_115,float,,Dimension 115 for Signaturizer3D dataset targets (B) mechanisms of action (B1)
b1_116,float,,Dimension 116 for Signaturizer3D dataset targets (B) mechanisms of action (B1)
b1_117,float,,Dimension 117 for Signaturizer3D dataset targets (B) mechanisms of action (B1)
b1_118,float,,Dimension 118 for Signaturizer3D dataset targets (B) mechanisms of action (B1)
b1_119,float,,Dimension 119 for Signaturizer3D dataset targets (B) mechanisms of action (B1)
b1_120,float,,Dimension 120 for Signaturizer3D dataset targets (B) mechanisms of action (B1)
b1_121,float,,Dimension 121 for Signaturizer3D dataset targets (B) mechanisms of action (B1)
b1_122,float,,Dimension 122 for Signaturizer3D dataset targets (B) mechanisms of action (B1)
b1_123,float,,Dimension 123 for Signaturizer3D dataset targets (B) mechanisms of action (B1)
b1_124,float,,Dimension 124 for Signaturizer3D dataset targets (B) mechanisms of action (B1)
b1_125,float,,Dimension 125 for Signaturizer3D dataset targets (B) mechanisms of action (B1)
b1_126,float,,Dimension 126 for Signaturizer3D dataset targets (B) mechanisms of action (B1)
b1_127,float,,Dimension 127 for Signaturizer3D dataset targets (B) mechanisms of action (B1)
b2_000,float,,Dimension 0 for Signaturizer3D dataset targets (B) metabolic genes (B2)
b2_001,float,,Dimension 1 for Signaturizer3D dataset targets (B) metabolic genes (B2)
b2_002,float,,Dimension 2 for Signaturizer3D dataset targets (B) metabolic genes (B2)
b2_003,float,,Dimension 3 for Signaturizer3D dataset targets (B) metabolic genes (B2)
b2_004,float,,Dimension 4 for Signaturizer3D dataset targets (B) metabolic genes (B2)
b2_005,float,,Dimension 5 for Signaturizer3D dataset targets (B) metabolic genes (B2)
b2_006,float,,Dimension 6 for Signaturizer3D dataset targets (B) metabolic genes (B2)
b2_007,float,,Dimension 7 for Signaturizer3D dataset targets (B) metabolic genes (B2)
b2_008,float,,Dimension 8 for Signaturizer3D dataset targets (B) metabolic genes (B2)
b2_009,float,,Dimension 9 for Signaturizer3D dataset targets (B) metabolic genes (B2)
b2_010,float,,Dimension 10 for Signaturizer3D dataset targets (B) metabolic genes (B2)
b2_011,float,,Dimension 11 for Signaturizer3D dataset targets (B) metabolic genes (B2)
b2_012,float,,Dimension 12 for Signaturizer3D dataset targets (B) metabolic genes (B2)
b2_013,float,,Dimension 13 for Signaturizer3D dataset targets (B) metabolic genes (B2)
b2_014,float,,Dimension 14 for Signaturizer3D dataset targets (B) metabolic genes (B2)
b2_015,float,,Dimension 15 for Signaturizer3D dataset targets (B) metabolic genes (B2)
b2_016,float,,Dimension 16 for Signaturizer3D dataset targets (B) metabolic genes (B2)
b2_017,float,,Dimension 17 for Signaturizer3D dataset targets (B) metabolic genes (B2)
b2_018,float,,Dimension 18 for Signaturizer3D dataset targets (B) metabolic genes (B2)
b2_019,float,,Dimension 19 for Signaturizer3D dataset targets (B) metabolic genes (B2)
b2_020,float,,Dimension 20 for Signaturizer3D dataset targets (B) metabolic genes (B2)
b2_021,float,,Dimension 21 for Signaturizer3D dataset targets (B) metabolic genes (B2)
b2_022,float,,Dimension 22 for Signaturizer3D dataset targets (B) metabolic genes (B2)
b2_023,float,,Dimension 23 for Signaturizer3D dataset targets (B) metabolic genes (B2)
b2_024,float,,Dimension 24 for Signaturizer3D dataset targets (B) metabolic genes (B2)
b2_025,float,,Dimension 25 for Signaturizer3D dataset targets (B) metabolic genes (B2)
b2_026,float,,Dimension 26 for Signaturizer3D dataset targets (B) metabolic genes (B2)
b2_027,float,,Dimension 27 for Signaturizer3D dataset targets (B) metabolic genes (B2)
b2_028,float,,Dimension 28 for Signaturizer3D dataset targets (B) metabolic genes (B2)
b2_029,float,,Dimension 29 for Signaturizer3D dataset targets (B) metabolic genes (B2)
b2_030,float,,Dimension 30 for Signaturizer3D dataset targets (B) metabolic genes (B2)
b2_031,float,,Dimension 31 for Signaturizer3D dataset targets (B) metabolic genes (B2)
b2_032,float,,Dimension 32 for Signaturizer3D dataset targets (B) metabolic genes (B2)
b2_033,float,,Dimension 33 for Signaturizer3D dataset targets (B) metabolic genes (B2)
b2_034,float,,Dimension 34 for Signaturizer3D dataset targets (B) metabolic genes (B2)
b2_035,float,,Dimension 35 for Signaturizer3D dataset targets (B) metabolic genes (B2)
b2_036,float,,Dimension 36 for Signaturizer3D dataset targets (B) metabolic genes (B2)
b2_037,float,,Dimension 37 for Signaturizer3D dataset targets (B) metabolic genes (B2)
b2_038,float,,Dimension 38 for Signaturizer3D dataset targets (B) metabolic genes (B2)
b2_039,float,,Dimension 39 for Signaturizer3D dataset targets (B) metabolic genes (B2)
b2_040,float,,Dimension 40 for Signaturizer3D dataset targets (B) metabolic genes (B2)
b2_041,float,,Dimension 41 for Signaturizer3D dataset targets (B) metabolic genes (B2)
b2_042,float,,Dimension 42 for Signaturizer3D dataset targets (B) metabolic genes (B2)
b2_043,float,,Dimension 43 for Signaturizer3D dataset targets (B) metabolic genes (B2)
b2_044,float,,Dimension 44 for Signaturizer3D dataset targets (B) metabolic genes (B2)
b2_045,float,,Dimension 45 for Signaturizer3D dataset targets (B) metabolic genes (B2)
b2_046,float,,Dimension 46 for Signaturizer3D dataset targets (B) metabolic genes (B2)
b2_047,float,,Dimension 47 for Signaturizer3D dataset targets (B) metabolic genes (B2)
b2_048,float,,Dimension 48 for Signaturizer3D dataset targets (B) metabolic genes (B2)
b2_049,float,,Dimension 49 for Signaturizer3D dataset targets (B) metabolic genes (B2)
b2_050,float,,Dimension 50 for Signaturizer3D dataset targets (B) metabolic genes (B2)
b2_051,float,,Dimension 51 for Signaturizer3D dataset targets (B) metabolic genes (B2)
b2_052,float,,Dimension 52 for Signaturizer3D dataset targets (B) metabolic genes (B2)
b2_053,float,,Dimension 53 for Signaturizer3D dataset targets (B) metabolic genes (B2)
b2_054,float,,Dimension 54 for Signaturizer3D dataset targets (B) metabolic genes (B2)
b2_055,float,,Dimension 55 for Signaturizer3D dataset targets (B) metabolic genes (B2)
b2_056,float,,Dimension 56 for Signaturizer3D dataset targets (B) metabolic genes (B2)
b2_057,float,,Dimension 57 for Signaturizer3D dataset targets (B) metabolic genes (B2)
b2_058,float,,Dimension 58 for Signaturizer3D dataset targets (B) metabolic genes (B2)
b2_059,float,,Dimension 59 for Signaturizer3D dataset targets (B) metabolic genes (B2)
b2_060,float,,Dimension 60 for Signaturizer3D dataset targets (B) metabolic genes (B2)
b2_061,float,,Dimension 61 for Signaturizer3D dataset targets (B) metabolic genes (B2)
b2_062,float,,Dimension 62 for Signaturizer3D dataset targets (B) metabolic genes (B2)
b2_063,float,,Dimension 63 for Signaturizer3D dataset targets (B) metabolic genes (B2)
b2_064,float,,Dimension 64 for Signaturizer3D dataset targets (B) metabolic genes (B2)
b2_065,float,,Dimension 65 for Signaturizer3D dataset targets (B) metabolic genes (B2)
b2_066,float,,Dimension 66 for Signaturizer3D dataset targets (B) metabolic genes (B2)
b2_067,float,,Dimension 67 for Signaturizer3D dataset targets (B) metabolic genes (B2)
b2_068,float,,Dimension 68 for Signaturizer3D dataset targets (B) metabolic genes (B2)
b2_069,float,,Dimension 69 for Signaturizer3D dataset targets (B) metabolic genes (B2)
b2_070,float,,Dimension 70 for Signaturizer3D dataset targets (B) metabolic genes (B2)
b2_071,float,,Dimension 71 for Signaturizer3D dataset targets (B) metabolic genes (B2)
b2_072,float,,Dimension 72 for Signaturizer3D dataset targets (B) metabolic genes (B2)
b2_073,float,,Dimension 73 for Signaturizer3D dataset targets (B) metabolic genes (B2)
b2_074,float,,Dimension 74 for Signaturizer3D dataset targets (B) metabolic genes (B2)
b2_075,float,,Dimension 75 for Signaturizer3D dataset targets (B) metabolic genes (B2)
b2_076,float,,Dimension 76 for Signaturizer3D dataset targets (B) metabolic genes (B2)
b2_077,float,,Dimension 77 for Signaturizer3D dataset targets (B) metabolic genes (B2)
b2_078,float,,Dimension 78 for Signaturizer3D dataset targets (B) metabolic genes (B2)
b2_079,float,,Dimension 79 for Signaturizer3D dataset targets (B) metabolic genes (B2)
b2_080,float,,Dimension 80 for Signaturizer3D dataset targets (B) metabolic genes (B2)
b2_081,float,,Dimension 81 for Signaturizer3D dataset targets (B) metabolic genes (B2)
b2_082,float,,Dimension 82 for Signaturizer3D dataset targets (B) metabolic genes (B2)
b2_083,float,,Dimension 83 for Signaturizer3D dataset targets (B) metabolic genes (B2)
b2_084,float,,Dimension 84 for Signaturizer3D dataset targets (B) metabolic genes (B2)
b2_085,float,,Dimension 85 for Signaturizer3D dataset targets (B) metabolic genes (B2)
b2_086,float,,Dimension 86 for Signaturizer3D dataset targets (B) metabolic genes (B2)
b2_087,float,,Dimension 87 for Signaturizer3D dataset targets (B) metabolic genes (B2)
b2_088,float,,Dimension 88 for Signaturizer3D dataset targets (B) metabolic genes (B2)
b2_089,float,,Dimension 89 for Signaturizer3D dataset targets (B) metabolic genes (B2)
b2_090,float,,Dimension 90 for Signaturizer3D dataset targets (B) metabolic genes (B2)
b2_091,float,,Dimension 91 for Signaturizer3D dataset targets (B) metabolic genes (B2)
b2_092,float,,Dimension 92 for Signaturizer3D dataset targets (B) metabolic genes (B2)
b2_093,float,,Dimension 93 for Signaturizer3D dataset targets (B) metabolic genes (B2)
b2_094,float,,Dimension 94 for Signaturizer3D dataset targets (B) metabolic genes (B2)
b2_095,float,,Dimension 95 for Signaturizer3D dataset targets (B) metabolic genes (B2)
b2_096,float,,Dimension 96 for Signaturizer3D dataset targets (B) metabolic genes (B2)
b2_097,float,,Dimension 97 for Signaturizer3D dataset targets (B) metabolic genes (B2)
b2_098,float,,Dimension 98 for Signaturizer3D dataset targets (B) metabolic genes (B2)
b2_099,float,,Dimension 99 for Signaturizer3D dataset targets (B) metabolic genes (B2)
b2_100,float,,Dimension 100 for Signaturizer3D dataset targets (B) metabolic genes (B2)
b2_101,float,,Dimension 101 for Signaturizer3D dataset targets (B) metabolic genes (B2)
b2_102,float,,Dimension 102 for Signaturizer3D dataset targets (B) metabolic genes (B2)
b2_103,float,,Dimension 103 for Signaturizer3D dataset targets (B) metabolic genes (B2)
b2_104,float,,Dimension 104 for Signaturizer3D dataset targets (B) metabolic genes (B2)
b2_105,float,,Dimension 105 for Signaturizer3D dataset targets (B) metabolic genes (B2)
b2_106,float,,Dimension 106 for Signaturizer3D dataset targets (B) metabolic genes (B2)
b2_107,float,,Dimension 107 for Signaturizer3D dataset targets (B) metabolic genes (B2)
b2_108,float,,Dimension 108 for Signaturizer3D dataset targets (B) metabolic genes (B2)
b2_109,float,,Dimension 109 for Signaturizer3D dataset targets (B) metabolic genes (B2)
b2_110,float,,Dimension 110 for Signaturizer3D dataset targets (B) metabolic genes (B2)
b2_111,float,,Dimension 111 for Signaturizer3D dataset targets (B) metabolic genes (B2)
b2_112,float,,Dimension 112 for Signaturizer3D dataset targets (B) metabolic genes (B2)
b2_113,float,,Dimension 113 for Signaturizer3D dataset targets (B) metabolic genes (B2)
b2_114,float,,Dimension 114 for Signaturizer3D dataset targets (B) metabolic genes (B2)
b2_115,float,,Dimension 115 for Signaturizer3D dataset targets (B) metabolic genes (B2)
b2_116,float,,Dimension 116 for Signaturizer3D dataset targets (B) metabolic genes (B2)
b2_117,float,,Dimension 117 for Signaturizer3D dataset targets (B) metabolic genes (B2)
b2_118,float,,Dimension 118 for Signaturizer3D dataset targets (B) metabolic genes (B2)
b2_119,float,,Dimension 119 for Signaturizer3D dataset targets (B) metabolic genes (B2)
b2_120,float,,Dimension 120 for Signaturizer3D dataset targets (B) metabolic genes (B2)
b2_121,float,,Dimension 121 for Signaturizer3D dataset targets (B) metabolic genes (B2)
b2_122,float,,Dimension 122 for Signaturizer3D dataset targets (B) metabolic genes (B2)
b2_123,float,,Dimension 123 for Signaturizer3D dataset targets (B) metabolic genes (B2)
b2_124,float,,Dimension 124 for Signaturizer3D dataset targets (B) metabolic genes (B2)
b2_125,float,,Dimension 125 for Signaturizer3D dataset targets (B) metabolic genes (B2)
b2_126,float,,Dimension 126 for Signaturizer3D dataset targets (B) metabolic genes (B2)
b2_127,float,,Dimension 127 for Signaturizer3D dataset targets (B) metabolic genes (B2)
b3_000,float,,Dimension 0 for Signaturizer3D dataset targets (B) crystals (B3)
b3_001,float,,Dimension 1 for Signaturizer3D dataset targets (B) crystals (B3)
b3_002,float,,Dimension 2 for Signaturizer3D dataset targets (B) crystals (B3)
b3_003,float,,Dimension 3 for Signaturizer3D dataset targets (B) crystals (B3)
b3_004,float,,Dimension 4 for Signaturizer3D dataset targets (B) crystals (B3)
b3_005,float,,Dimension 5 for Signaturizer3D dataset targets (B) crystals (B3)
b3_006,float,,Dimension 6 for Signaturizer3D dataset targets (B) crystals (B3)
b3_007,float,,Dimension 7 for Signaturizer3D dataset targets (B) crystals (B3)
b3_008,float,,Dimension 8 for Signaturizer3D dataset targets (B) crystals (B3)
b3_009,float,,Dimension 9 for Signaturizer3D dataset targets (B) crystals (B3)
b3_010,float,,Dimension 10 for Signaturizer3D dataset targets (B) crystals (B3)
b3_011,float,,Dimension 11 for Signaturizer3D dataset targets (B) crystals (B3)
b3_012,float,,Dimension 12 for Signaturizer3D dataset targets (B) crystals (B3)
b3_013,float,,Dimension 13 for Signaturizer3D dataset targets (B) crystals (B3)
b3_014,float,,Dimension 14 for Signaturizer3D dataset targets (B) crystals (B3)
b3_015,float,,Dimension 15 for Signaturizer3D dataset targets (B) crystals (B3)
b3_016,float,,Dimension 16 for Signaturizer3D dataset targets (B) crystals (B3)
b3_017,float,,Dimension 17 for Signaturizer3D dataset targets (B) crystals (B3)
b3_018,float,,Dimension 18 for Signaturizer3D dataset targets (B) crystals (B3)
b3_019,float,,Dimension 19 for Signaturizer3D dataset targets (B) crystals (B3)
b3_020,float,,Dimension 20 for Signaturizer3D dataset targets (B) crystals (B3)
b3_021,float,,Dimension 21 for Signaturizer3D dataset targets (B) crystals (B3)
b3_022,float,,Dimension 22 for Signaturizer3D dataset targets (B) crystals (B3)
b3_023,float,,Dimension 23 for Signaturizer3D dataset targets (B) crystals (B3)
b3_024,float,,Dimension 24 for Signaturizer3D dataset targets (B) crystals (B3)
b3_025,float,,Dimension 25 for Signaturizer3D dataset targets (B) crystals (B3)
b3_026,float,,Dimension 26 for Signaturizer3D dataset targets (B) crystals (B3)
b3_027,float,,Dimension 27 for Signaturizer3D dataset targets (B) crystals (B3)
b3_028,float,,Dimension 28 for Signaturizer3D dataset targets (B) crystals (B3)
b3_029,float,,Dimension 29 for Signaturizer3D dataset targets (B) crystals (B3)
b3_030,float,,Dimension 30 for Signaturizer3D dataset targets (B) crystals (B3)
b3_031,float,,Dimension 31 for Signaturizer3D dataset targets (B) crystals (B3)
b3_032,float,,Dimension 32 for Signaturizer3D dataset targets (B) crystals (B3)
b3_033,float,,Dimension 33 for Signaturizer3D dataset targets (B) crystals (B3)
b3_034,float,,Dimension 34 for Signaturizer3D dataset targets (B) crystals (B3)
b3_035,float,,Dimension 35 for Signaturizer3D dataset targets (B) crystals (B3)
b3_036,float,,Dimension 36 for Signaturizer3D dataset targets (B) crystals (B3)
b3_037,float,,Dimension 37 for Signaturizer3D dataset targets (B) crystals (B3)
b3_038,float,,Dimension 38 for Signaturizer3D dataset targets (B) crystals (B3)
b3_039,float,,Dimension 39 for Signaturizer3D dataset targets (B) crystals (B3)
b3_040,float,,Dimension 40 for Signaturizer3D dataset targets (B) crystals (B3)
b3_041,float,,Dimension 41 for Signaturizer3D dataset targets (B) crystals (B3)
b3_042,float,,Dimension 42 for Signaturizer3D dataset targets (B) crystals (B3)
b3_043,float,,Dimension 43 for Signaturizer3D dataset targets (B) crystals (B3)
b3_044,float,,Dimension 44 for Signaturizer3D dataset targets (B) crystals (B3)
b3_045,float,,Dimension 45 for Signaturizer3D dataset targets (B) crystals (B3)
b3_046,float,,Dimension 46 for Signaturizer3D dataset targets (B) crystals (B3)
b3_047,float,,Dimension 47 for Signaturizer3D dataset targets (B) crystals (B3)
b3_048,float,,Dimension 48 for Signaturizer3D dataset targets (B) crystals (B3)
b3_049,float,,Dimension 49 for Signaturizer3D dataset targets (B) crystals (B3)
b3_050,float,,Dimension 50 for Signaturizer3D dataset targets (B) crystals (B3)
b3_051,float,,Dimension 51 for Signaturizer3D dataset targets (B) crystals (B3)
b3_052,float,,Dimension 52 for Signaturizer3D dataset targets (B) crystals (B3)
b3_053,float,,Dimension 53 for Signaturizer3D dataset targets (B) crystals (B3)
b3_054,float,,Dimension 54 for Signaturizer3D dataset targets (B) crystals (B3)
b3_055,float,,Dimension 55 for Signaturizer3D dataset targets (B) crystals (B3)
b3_056,float,,Dimension 56 for Signaturizer3D dataset targets (B) crystals (B3)
b3_057,float,,Dimension 57 for Signaturizer3D dataset targets (B) crystals (B3)
b3_058,float,,Dimension 58 for Signaturizer3D dataset targets (B) crystals (B3)
b3_059,float,,Dimension 59 for Signaturizer3D dataset targets (B) crystals (B3)
b3_060,float,,Dimension 60 for Signaturizer3D dataset targets (B) crystals (B3)
b3_061,float,,Dimension 61 for Signaturizer3D dataset targets (B) crystals (B3)
b3_062,float,,Dimension 62 for Signaturizer3D dataset targets (B) crystals (B3)
b3_063,float,,Dimension 63 for Signaturizer3D dataset targets (B) crystals (B3)
b3_064,float,,Dimension 64 for Signaturizer3D dataset targets (B) crystals (B3)
b3_065,float,,Dimension 65 for Signaturizer3D dataset targets (B) crystals (B3)
b3_066,float,,Dimension 66 for Signaturizer3D dataset targets (B) crystals (B3)
b3_067,float,,Dimension 67 for Signaturizer3D dataset targets (B) crystals (B3)
b3_068,float,,Dimension 68 for Signaturizer3D dataset targets (B) crystals (B3)
b3_069,float,,Dimension 69 for Signaturizer3D dataset targets (B) crystals (B3)
b3_070,float,,Dimension 70 for Signaturizer3D dataset targets (B) crystals (B3)
b3_071,float,,Dimension 71 for Signaturizer3D dataset targets (B) crystals (B3)
b3_072,float,,Dimension 72 for Signaturizer3D dataset targets (B) crystals (B3)
b3_073,float,,Dimension 73 for Signaturizer3D dataset targets (B) crystals (B3)
b3_074,float,,Dimension 74 for Signaturizer3D dataset targets (B) crystals (B3)
b3_075,float,,Dimension 75 for Signaturizer3D dataset targets (B) crystals (B3)
b3_076,float,,Dimension 76 for Signaturizer3D dataset targets (B) crystals (B3)
b3_077,float,,Dimension 77 for Signaturizer3D dataset targets (B) crystals (B3)
b3_078,float,,Dimension 78 for Signaturizer3D dataset targets (B) crystals (B3)
b3_079,float,,Dimension 79 for Signaturizer3D dataset targets (B) crystals (B3)
b3_080,float,,Dimension 80 for Signaturizer3D dataset targets (B) crystals (B3)
b3_081,float,,Dimension 81 for Signaturizer3D dataset targets (B) crystals (B3)
b3_082,float,,Dimension 82 for Signaturizer3D dataset targets (B) crystals (B3)
b3_083,float,,Dimension 83 for Signaturizer3D dataset targets (B) crystals (B3)
b3_084,float,,Dimension 84 for Signaturizer3D dataset targets (B) crystals (B3)
b3_085,float,,Dimension 85 for Signaturizer3D dataset targets (B) crystals (B3)
b3_086,float,,Dimension 86 for Signaturizer3D dataset targets (B) crystals (B3)
b3_087,float,,Dimension 87 for Signaturizer3D dataset targets (B) crystals (B3)
b3_088,float,,Dimension 88 for Signaturizer3D dataset targets (B) crystals (B3)
b3_089,float,,Dimension 89 for Signaturizer3D dataset targets (B) crystals (B3)
b3_090,float,,Dimension 90 for Signaturizer3D dataset targets (B) crystals (B3)
b3_091,float,,Dimension 91 for Signaturizer3D dataset targets (B) crystals (B3)
b3_092,float,,Dimension 92 for Signaturizer3D dataset targets (B) crystals (B3)
b3_093,float,,Dimension 93 for Signaturizer3D dataset targets (B) crystals (B3)
b3_094,float,,Dimension 94 for Signaturizer3D dataset targets (B) crystals (B3)
b3_095,float,,Dimension 95 for Signaturizer3D dataset targets (B) crystals (B3)
b3_096,float,,Dimension 96 for Signaturizer3D dataset targets (B) crystals (B3)
b3_097,float,,Dimension 97 for Signaturizer3D dataset targets (B) crystals (B3)
b3_098,float,,Dimension 98 for Signaturizer3D dataset targets (B) crystals (B3)
b3_099,float,,Dimension 99 for Signaturizer3D dataset targets (B) crystals (B3)
b3_100,float,,Dimension 100 for Signaturizer3D dataset targets (B) crystals (B3)
b3_101,float,,Dimension 101 for Signaturizer3D dataset targets (B) crystals (B3)
b3_102,float,,Dimension 102 for Signaturizer3D dataset targets (B) crystals (B3)
b3_103,float,,Dimension 103 for Signaturizer3D dataset targets (B) crystals (B3)
b3_104,float,,Dimension 104 for Signaturizer3D dataset targets (B) crystals (B3)
b3_105,float,,Dimension 105 for Signaturizer3D dataset targets (B) crystals (B3)
b3_106,float,,Dimension 106 for Signaturizer3D dataset targets (B) crystals (B3)
b3_107,float,,Dimension 107 for Signaturizer3D dataset targets (B) crystals (B3)
b3_108,float,,Dimension 108 for Signaturizer3D dataset targets (B) crystals (B3)
b3_109,float,,Dimension 109 for Signaturizer3D dataset targets (B) crystals (B3)
b3_110,float,,Dimension 110 for Signaturizer3D dataset targets (B) crystals (B3)
b3_111,float,,Dimension 111 for Signaturizer3D dataset targets (B) crystals (B3)
b3_112,float,,Dimension 112 for Signaturizer3D dataset targets (B) crystals (B3)
b3_113,float,,Dimension 113 for Signaturizer3D dataset targets (B) crystals (B3)
b3_114,float,,Dimension 114 for Signaturizer3D dataset targets (B) crystals (B3)
b3_115,float,,Dimension 115 for Signaturizer3D dataset targets (B) crystals (B3)
b3_116,float,,Dimension 116 for Signaturizer3D dataset targets (B) crystals (B3)
b3_117,float,,Dimension 117 for Signaturizer3D dataset targets (B) crystals (B3)
b3_118,float,,Dimension 118 for Signaturizer3D dataset targets (B) crystals (B3)
b3_119,float,,Dimension 119 for Signaturizer3D dataset targets (B) crystals (B3)
b3_120,float,,Dimension 120 for Signaturizer3D dataset targets (B) crystals (B3)
b3_121,float,,Dimension 121 for Signaturizer3D dataset targets (B) crystals (B3)
b3_122,float,,Dimension 122 for Signaturizer3D dataset targets (B) crystals (B3)
b3_123,float,,Dimension 123 for Signaturizer3D dataset targets (B) crystals (B3)
b3_124,float,,Dimension 124 for Signaturizer3D dataset targets (B) crystals (B3)
b3_125,float,,Dimension 125 for Signaturizer3D dataset targets (B) crystals (B3)
b3_126,float,,Dimension 126 for Signaturizer3D dataset targets (B) crystals (B3)
b3_127,float,,Dimension 127 for Signaturizer3D dataset targets (B) crystals (B3)
b4_000,float,,Dimension 0 for Signaturizer3D dataset targets (B) binding (B4)
b4_001,float,,Dimension 1 for Signaturizer3D dataset targets (B) binding (B4)
b4_002,float,,Dimension 2 for Signaturizer3D dataset targets (B) binding (B4)
b4_003,float,,Dimension 3 for Signaturizer3D dataset targets (B) binding (B4)
b4_004,float,,Dimension 4 for Signaturizer3D dataset targets (B) binding (B4)
b4_005,float,,Dimension 5 for Signaturizer3D dataset targets (B) binding (B4)
b4_006,float,,Dimension 6 for Signaturizer3D dataset targets (B) binding (B4)
b4_007,float,,Dimension 7 for Signaturizer3D dataset targets (B) binding (B4)
b4_008,float,,Dimension 8 for Signaturizer3D dataset targets (B) binding (B4)
b4_009,float,,Dimension 9 for Signaturizer3D dataset targets (B) binding (B4)
b4_010,float,,Dimension 10 for Signaturizer3D dataset targets (B) binding (B4)
b4_011,float,,Dimension 11 for Signaturizer3D dataset targets (B) binding (B4)
b4_012,float,,Dimension 12 for Signaturizer3D dataset targets (B) binding (B4)
b4_013,float,,Dimension 13 for Signaturizer3D dataset targets (B) binding (B4)
b4_014,float,,Dimension 14 for Signaturizer3D dataset targets (B) binding (B4)
b4_015,float,,Dimension 15 for Signaturizer3D dataset targets (B) binding (B4)
b4_016,float,,Dimension 16 for Signaturizer3D dataset targets (B) binding (B4)
b4_017,float,,Dimension 17 for Signaturizer3D dataset targets (B) binding (B4)
b4_018,float,,Dimension 18 for Signaturizer3D dataset targets (B) binding (B4)
b4_019,float,,Dimension 19 for Signaturizer3D dataset targets (B) binding (B4)
b4_020,float,,Dimension 20 for Signaturizer3D dataset targets (B) binding (B4)
b4_021,float,,Dimension 21 for Signaturizer3D dataset targets (B) binding (B4)
b4_022,float,,Dimension 22 for Signaturizer3D dataset targets (B) binding (B4)
b4_023,float,,Dimension 23 for Signaturizer3D dataset targets (B) binding (B4)
b4_024,float,,Dimension 24 for Signaturizer3D dataset targets (B) binding (B4)
b4_025,float,,Dimension 25 for Signaturizer3D dataset targets (B) binding (B4)
b4_026,float,,Dimension 26 for Signaturizer3D dataset targets (B) binding (B4)
b4_027,float,,Dimension 27 for Signaturizer3D dataset targets (B) binding (B4)
b4_028,float,,Dimension 28 for Signaturizer3D dataset targets (B) binding (B4)
b4_029,float,,Dimension 29 for Signaturizer3D dataset targets (B) binding (B4)
b4_030,float,,Dimension 30 for Signaturizer3D dataset targets (B) binding (B4)
b4_031,float,,Dimension 31 for Signaturizer3D dataset targets (B) binding (B4)
b4_032,float,,Dimension 32 for Signaturizer3D dataset targets (B) binding (B4)
b4_033,float,,Dimension 33 for Signaturizer3D dataset targets (B) binding (B4)
b4_034,float,,Dimension 34 for Signaturizer3D dataset targets (B) binding (B4)
b4_035,float,,Dimension 35 for Signaturizer3D dataset targets (B) binding (B4)
b4_036,float,,Dimension 36 for Signaturizer3D dataset targets (B) binding (B4)
b4_037,float,,Dimension 37 for Signaturizer3D dataset targets (B) binding (B4)
b4_038,float,,Dimension 38 for Signaturizer3D dataset targets (B) binding (B4)
b4_039,float,,Dimension 39 for Signaturizer3D dataset targets (B) binding (B4)
b4_040,float,,Dimension 40 for Signaturizer3D dataset targets (B) binding (B4)
b4_041,float,,Dimension 41 for Signaturizer3D dataset targets (B) binding (B4)
b4_042,float,,Dimension 42 for Signaturizer3D dataset targets (B) binding (B4)
b4_043,float,,Dimension 43 for Signaturizer3D dataset targets (B) binding (B4)
b4_044,float,,Dimension 44 for Signaturizer3D dataset targets (B) binding (B4)
b4_045,float,,Dimension 45 for Signaturizer3D dataset targets (B) binding (B4)
b4_046,float,,Dimension 46 for Signaturizer3D dataset targets (B) binding (B4)
b4_047,float,,Dimension 47 for Signaturizer3D dataset targets (B) binding (B4)
b4_048,float,,Dimension 48 for Signaturizer3D dataset targets (B) binding (B4)
b4_049,float,,Dimension 49 for Signaturizer3D dataset targets (B) binding (B4)
b4_050,float,,Dimension 50 for Signaturizer3D dataset targets (B) binding (B4)
b4_051,float,,Dimension 51 for Signaturizer3D dataset targets (B) binding (B4)
b4_052,float,,Dimension 52 for Signaturizer3D dataset targets (B) binding (B4)
b4_053,float,,Dimension 53 for Signaturizer3D dataset targets (B) binding (B4)
b4_054,float,,Dimension 54 for Signaturizer3D dataset targets (B) binding (B4)
b4_055,float,,Dimension 55 for Signaturizer3D dataset targets (B) binding (B4)
b4_056,float,,Dimension 56 for Signaturizer3D dataset targets (B) binding (B4)
b4_057,float,,Dimension 57 for Signaturizer3D dataset targets (B) binding (B4)
b4_058,float,,Dimension 58 for Signaturizer3D dataset targets (B) binding (B4)
b4_059,float,,Dimension 59 for Signaturizer3D dataset targets (B) binding (B4)
b4_060,float,,Dimension 60 for Signaturizer3D dataset targets (B) binding (B4)
b4_061,float,,Dimension 61 for Signaturizer3D dataset targets (B) binding (B4)
b4_062,float,,Dimension 62 for Signaturizer3D dataset targets (B) binding (B4)
b4_063,float,,Dimension 63 for Signaturizer3D dataset targets (B) binding (B4)
b4_064,float,,Dimension 64 for Signaturizer3D dataset targets (B) binding (B4)
b4_065,float,,Dimension 65 for Signaturizer3D dataset targets (B) binding (B4)
b4_066,float,,Dimension 66 for Signaturizer3D dataset targets (B) binding (B4)
b4_067,float,,Dimension 67 for Signaturizer3D dataset targets (B) binding (B4)
b4_068,float,,Dimension 68 for Signaturizer3D dataset targets (B) binding (B4)
b4_069,float,,Dimension 69 for Signaturizer3D dataset targets (B) binding (B4)
b4_070,float,,Dimension 70 for Signaturizer3D dataset targets (B) binding (B4)
b4_071,float,,Dimension 71 for Signaturizer3D dataset targets (B) binding (B4)
b4_072,float,,Dimension 72 for Signaturizer3D dataset targets (B) binding (B4)
b4_073,float,,Dimension 73 for Signaturizer3D dataset targets (B) binding (B4)
b4_074,float,,Dimension 74 for Signaturizer3D dataset targets (B) binding (B4)
b4_075,float,,Dimension 75 for Signaturizer3D dataset targets (B) binding (B4)
b4_076,float,,Dimension 76 for Signaturizer3D dataset targets (B) binding (B4)
b4_077,float,,Dimension 77 for Signaturizer3D dataset targets (B) binding (B4)
b4_078,float,,Dimension 78 for Signaturizer3D dataset targets (B) binding (B4)
b4_079,float,,Dimension 79 for Signaturizer3D dataset targets (B) binding (B4)
b4_080,float,,Dimension 80 for Signaturizer3D dataset targets (B) binding (B4)
b4_081,float,,Dimension 81 for Signaturizer3D dataset targets (B) binding (B4)
b4_082,float,,Dimension 82 for Signaturizer3D dataset targets (B) binding (B4)
b4_083,float,,Dimension 83 for Signaturizer3D dataset targets (B) binding (B4)
b4_084,float,,Dimension 84 for Signaturizer3D dataset targets (B) binding (B4)
b4_085,float,,Dimension 85 for Signaturizer3D dataset targets (B) binding (B4)
b4_086,float,,Dimension 86 for Signaturizer3D dataset targets (B) binding (B4)
b4_087,float,,Dimension 87 for Signaturizer3D dataset targets (B) binding (B4)
b4_088,float,,Dimension 88 for Signaturizer3D dataset targets (B) binding (B4)
b4_089,float,,Dimension 89 for Signaturizer3D dataset targets (B) binding (B4)
b4_090,float,,Dimension 90 for Signaturizer3D dataset targets (B) binding (B4)
b4_091,float,,Dimension 91 for Signaturizer3D dataset targets (B) binding (B4)
b4_092,float,,Dimension 92 for Signaturizer3D dataset targets (B) binding (B4)
b4_093,float,,Dimension 93 for Signaturizer3D dataset targets (B) binding (B4)
b4_094,float,,Dimension 94 for Signaturizer3D dataset targets (B) binding (B4)
b4_095,float,,Dimension 95 for Signaturizer3D dataset targets (B) binding (B4)
b4_096,float,,Dimension 96 for Signaturizer3D dataset targets (B) binding (B4)
b4_097,float,,Dimension 97 for Signaturizer3D dataset targets (B) binding (B4)
b4_098,float,,Dimension 98 for Signaturizer3D dataset targets (B) binding (B4)
b4_099,float,,Dimension 99 for Signaturizer3D dataset targets (B) binding (B4)
b4_100,float,,Dimension 100 for Signaturizer3D dataset targets (B) binding (B4)
b4_101,float,,Dimension 101 for Signaturizer3D dataset targets (B) binding (B4)
b4_102,float,,Dimension 102 for Signaturizer3D dataset targets (B) binding (B4)
b4_103,float,,Dimension 103 for Signaturizer3D dataset targets (B) binding (B4)
b4_104,float,,Dimension 104 for Signaturizer3D dataset targets (B) binding (B4)
b4_105,float,,Dimension 105 for Signaturizer3D dataset targets (B) binding (B4)
b4_106,float,,Dimension 106 for Signaturizer3D dataset targets (B) binding (B4)
b4_107,float,,Dimension 107 for Signaturizer3D dataset targets (B) binding (B4)
b4_108,float,,Dimension 108 for Signaturizer3D dataset targets (B) binding (B4)
b4_109,float,,Dimension 109 for Signaturizer3D dataset targets (B) binding (B4)
b4_110,float,,Dimension 110 for Signaturizer3D dataset targets (B) binding (B4)
b4_111,float,,Dimension 111 for Signaturizer3D dataset targets (B) binding (B4)
b4_112,float,,Dimension 112 for Signaturizer3D dataset targets (B) binding (B4)
b4_113,float,,Dimension 113 for Signaturizer3D dataset targets (B) binding (B4)
b4_114,float,,Dimension 114 for Signaturizer3D dataset targets (B) binding (B4)
b4_115,float,,Dimension 115 for Signaturizer3D dataset targets (B) binding (B4)
b4_116,float,,Dimension 116 for Signaturizer3D dataset targets (B) binding (B4)
b4_117,float,,Dimension 117 for Signaturizer3D dataset targets (B) binding (B4)
b4_118,float,,Dimension 118 for Signaturizer3D dataset targets (B) binding (B4)
b4_119,float,,Dimension 119 for Signaturizer3D dataset targets (B) binding (B4)
b4_120,float,,Dimension 120 for Signaturizer3D dataset targets (B) binding (B4)
b4_121,float,,Dimension 121 for Signaturizer3D dataset targets (B) binding (B4)
b4_122,float,,Dimension 122 for Signaturizer3D dataset targets (B) binding (B4)
b4_123,float,,Dimension 123 for Signaturizer3D dataset targets (B) binding (B4)
b4_124,float,,Dimension 124 for Signaturizer3D dataset targets (B) binding (B4)
b4_125,float,,Dimension 125 for Signaturizer3D dataset targets (B) binding (B4)
b4_126,float,,Dimension 126 for Signaturizer3D dataset targets (B) binding (B4)
b4_127,float,,Dimension 127 for Signaturizer3D dataset targets (B) binding (B4)
b5_000,float,,Dimension 0 for Signaturizer3D dataset targets (B) HTS bioassays (B5)
b5_001,float,,Dimension 1 for Signaturizer3D dataset targets (B) HTS bioassays (B5)
b5_002,float,,Dimension 2 for Signaturizer3D dataset targets (B) HTS bioassays (B5)
b5_003,float,,Dimension 3 for Signaturizer3D dataset targets (B) HTS bioassays (B5)
b5_004,float,,Dimension 4 for Signaturizer3D dataset targets (B) HTS bioassays (B5)
b5_005,float,,Dimension 5 for Signaturizer3D dataset targets (B) HTS bioassays (B5)
b5_006,float,,Dimension 6 for Signaturizer3D dataset targets (B) HTS bioassays (B5)
b5_007,float,,Dimension 7 for Signaturizer3D dataset targets (B) HTS bioassays (B5)
b5_008,float,,Dimension 8 for Signaturizer3D dataset targets (B) HTS bioassays (B5)
b5_009,float,,Dimension 9 for Signaturizer3D dataset targets (B) HTS bioassays (B5)
b5_010,float,,Dimension 10 for Signaturizer3D dataset targets (B) HTS bioassays (B5)
b5_011,float,,Dimension 11 for Signaturizer3D dataset targets (B) HTS bioassays (B5)
b5_012,float,,Dimension 12 for Signaturizer3D dataset targets (B) HTS bioassays (B5)
b5_013,float,,Dimension 13 for Signaturizer3D dataset targets (B) HTS bioassays (B5)
b5_014,float,,Dimension 14 for Signaturizer3D dataset targets (B) HTS bioassays (B5)
b5_015,float,,Dimension 15 for Signaturizer3D dataset targets (B) HTS bioassays (B5)
b5_016,float,,Dimension 16 for Signaturizer3D dataset targets (B) HTS bioassays (B5)
b5_017,float,,Dimension 17 for Signaturizer3D dataset targets (B) HTS bioassays (B5)
b5_018,float,,Dimension 18 for Signaturizer3D dataset targets (B) HTS bioassays (B5)
b5_019,float,,Dimension 19 for Signaturizer3D dataset targets (B) HTS bioassays (B5)
b5_020,float,,Dimension 20 for Signaturizer3D dataset targets (B) HTS bioassays (B5)
b5_021,float,,Dimension 21 for Signaturizer3D dataset targets (B) HTS bioassays (B5)
b5_022,float,,Dimension 22 for Signaturizer3D dataset targets (B) HTS bioassays (B5)
b5_023,float,,Dimension 23 for Signaturizer3D dataset targets (B) HTS bioassays (B5)
b5_024,float,,Dimension 24 for Signaturizer3D dataset targets (B) HTS bioassays (B5)
b5_025,float,,Dimension 25 for Signaturizer3D dataset targets (B) HTS bioassays (B5)
b5_026,float,,Dimension 26 for Signaturizer3D dataset targets (B) HTS bioassays (B5)
b5_027,float,,Dimension 27 for Signaturizer3D dataset targets (B) HTS bioassays (B5)
b5_028,float,,Dimension 28 for Signaturizer3D dataset targets (B) HTS bioassays (B5)
b5_029,float,,Dimension 29 for Signaturizer3D dataset targets (B) HTS bioassays (B5)
b5_030,float,,Dimension 30 for Signaturizer3D dataset targets (B) HTS bioassays (B5)
b5_031,float,,Dimension 31 for Signaturizer3D dataset targets (B) HTS bioassays (B5)
b5_032,float,,Dimension 32 for Signaturizer3D dataset targets (B) HTS bioassays (B5)
b5_033,float,,Dimension 33 for Signaturizer3D dataset targets (B) HTS bioassays (B5)
b5_034,float,,Dimension 34 for Signaturizer3D dataset targets (B) HTS bioassays (B5)
b5_035,float,,Dimension 35 for Signaturizer3D dataset targets (B) HTS bioassays (B5)
b5_036,float,,Dimension 36 for Signaturizer3D dataset targets (B) HTS bioassays (B5)
b5_037,float,,Dimension 37 for Signaturizer3D dataset targets (B) HTS bioassays (B5)
b5_038,float,,Dimension 38 for Signaturizer3D dataset targets (B) HTS bioassays (B5)
b5_039,float,,Dimension 39 for Signaturizer3D dataset targets (B) HTS bioassays (B5)
b5_040,float,,Dimension 40 for Signaturizer3D dataset targets (B) HTS bioassays (B5)
b5_041,float,,Dimension 41 for Signaturizer3D dataset targets (B) HTS bioassays (B5)
b5_042,float,,Dimension 42 for Signaturizer3D dataset targets (B) HTS bioassays (B5)
b5_043,float,,Dimension 43 for Signaturizer3D dataset targets (B) HTS bioassays (B5)
b5_044,float,,Dimension 44 for Signaturizer3D dataset targets (B) HTS bioassays (B5)
b5_045,float,,Dimension 45 for Signaturizer3D dataset targets (B) HTS bioassays (B5)
b5_046,float,,Dimension 46 for Signaturizer3D dataset targets (B) HTS bioassays (B5)
b5_047,float,,Dimension 47 for Signaturizer3D dataset targets (B) HTS bioassays (B5)
b5_048,float,,Dimension 48 for Signaturizer3D dataset targets (B) HTS bioassays (B5)
b5_049,float,,Dimension 49 for Signaturizer3D dataset targets (B) HTS bioassays (B5)
b5_050,float,,Dimension 50 for Signaturizer3D dataset targets (B) HTS bioassays (B5)
b5_051,float,,Dimension 51 for Signaturizer3D dataset targets (B) HTS bioassays (B5)
b5_052,float,,Dimension 52 for Signaturizer3D dataset targets (B) HTS bioassays (B5)
b5_053,float,,Dimension 53 for Signaturizer3D dataset targets (B) HTS bioassays (B5)
b5_054,float,,Dimension 54 for Signaturizer3D dataset targets (B) HTS bioassays (B5)
b5_055,float,,Dimension 55 for Signaturizer3D dataset targets (B) HTS bioassays (B5)
b5_056,float,,Dimension 56 for Signaturizer3D dataset targets (B) HTS bioassays (B5)
b5_057,float,,Dimension 57 for Signaturizer3D dataset targets (B) HTS bioassays (B5)
b5_058,float,,Dimension 58 for Signaturizer3D dataset targets (B) HTS bioassays (B5)
b5_059,float,,Dimension 59 for Signaturizer3D dataset targets (B) HTS bioassays (B5)
b5_060,float,,Dimension 60 for Signaturizer3D dataset targets (B) HTS bioassays (B5)
b5_061,float,,Dimension 61 for Signaturizer3D dataset targets (B) HTS bioassays (B5)
b5_062,float,,Dimension 62 for Signaturizer3D dataset targets (B) HTS bioassays (B5)
b5_063,float,,Dimension 63 for Signaturizer3D dataset targets (B) HTS bioassays (B5)
b5_064,float,,Dimension 64 for Signaturizer3D dataset targets (B) HTS bioassays (B5)
b5_065,float,,Dimension 65 for Signaturizer3D dataset targets (B) HTS bioassays (B5)
b5_066,float,,Dimension 66 for Signaturizer3D dataset targets (B) HTS bioassays (B5)
b5_067,float,,Dimension 67 for Signaturizer3D dataset targets (B) HTS bioassays (B5)
b5_068,float,,Dimension 68 for Signaturizer3D dataset targets (B) HTS bioassays (B5)
b5_069,float,,Dimension 69 for Signaturizer3D dataset targets (B) HTS bioassays (B5)
b5_070,float,,Dimension 70 for Signaturizer3D dataset targets (B) HTS bioassays (B5)
b5_071,float,,Dimension 71 for Signaturizer3D dataset targets (B) HTS bioassays (B5)
b5_072,float,,Dimension 72 for Signaturizer3D dataset targets (B) HTS bioassays (B5)
b5_073,float,,Dimension 73 for Signaturizer3D dataset targets (B) HTS bioassays (B5)
b5_074,float,,Dimension 74 for Signaturizer3D dataset targets (B) HTS bioassays (B5)
b5_075,float,,Dimension 75 for Signaturizer3D dataset targets (B) HTS bioassays (B5)
b5_076,float,,Dimension 76 for Signaturizer3D dataset targets (B) HTS bioassays (B5)
b5_077,float,,Dimension 77 for Signaturizer3D dataset targets (B) HTS bioassays (B5)
b5_078,float,,Dimension 78 for Signaturizer3D dataset targets (B) HTS bioassays (B5)
b5_079,float,,Dimension 79 for Signaturizer3D dataset targets (B) HTS bioassays (B5)
b5_080,float,,Dimension 80 for Signaturizer3D dataset targets (B) HTS bioassays (B5)
b5_081,float,,Dimension 81 for Signaturizer3D dataset targets (B) HTS bioassays (B5)
b5_082,float,,Dimension 82 for Signaturizer3D dataset targets (B) HTS bioassays (B5)
b5_083,float,,Dimension 83 for Signaturizer3D dataset targets (B) HTS bioassays (B5)
b5_084,float,,Dimension 84 for Signaturizer3D dataset targets (B) HTS bioassays (B5)
b5_085,float,,Dimension 85 for Signaturizer3D dataset targets (B) HTS bioassays (B5)
b5_086,float,,Dimension 86 for Signaturizer3D dataset targets (B) HTS bioassays (B5)
b5_087,float,,Dimension 87 for Signaturizer3D dataset targets (B) HTS bioassays (B5)
b5_088,float,,Dimension 88 for Signaturizer3D dataset targets (B) HTS bioassays (B5)
b5_089,float,,Dimension 89 for Signaturizer3D dataset targets (B) HTS bioassays (B5)
b5_090,float,,Dimension 90 for Signaturizer3D dataset targets (B) HTS bioassays (B5)
b5_091,float,,Dimension 91 for Signaturizer3D dataset targets (B) HTS bioassays (B5)
b5_092,float,,Dimension 92 for Signaturizer3D dataset targets (B) HTS bioassays (B5)
b5_093,float,,Dimension 93 for Signaturizer3D dataset targets (B) HTS bioassays (B5)
b5_094,float,,Dimension 94 for Signaturizer3D dataset targets (B) HTS bioassays (B5)
b5_095,float,,Dimension 95 for Signaturizer3D dataset targets (B) HTS bioassays (B5)
b5_096,float,,Dimension 96 for Signaturizer3D dataset targets (B) HTS bioassays (B5)
b5_097,float,,Dimension 97 for Signaturizer3D dataset targets (B) HTS bioassays (B5)
b5_098,float,,Dimension 98 for Signaturizer3D dataset targets (B) HTS bioassays (B5)
b5_099,float,,Dimension 99 for Signaturizer3D dataset targets (B) HTS bioassays (B5)
b5_100,float,,Dimension 100 for Signaturizer3D dataset targets (B) HTS bioassays (B5)
b5_101,float,,Dimension 101 for Signaturizer3D dataset targets (B) HTS bioassays (B5)
b5_102,float,,Dimension 102 for Signaturizer3D dataset targets (B) HTS bioassays (B5)
b5_103,float,,Dimension 103 for Signaturizer3D dataset targets (B) HTS bioassays (B5)
b5_104,float,,Dimension 104 for Signaturizer3D dataset targets (B) HTS bioassays (B5)
b5_105,float,,Dimension 105 for Signaturizer3D dataset targets (B) HTS bioassays (B5)
b5_106,float,,Dimension 106 for Signaturizer3D dataset targets (B) HTS bioassays (B5)
b5_107,float,,Dimension 107 for Signaturizer3D dataset targets (B) HTS bioassays (B5)
b5_108,float,,Dimension 108 for Signaturizer3D dataset targets (B) HTS bioassays (B5)
b5_109,float,,Dimension 109 for Signaturizer3D dataset targets (B) HTS bioassays (B5)
b5_110,float,,Dimension 110 for Signaturizer3D dataset targets (B) HTS bioassays (B5)
b5_111,float,,Dimension 111 for Signaturizer3D dataset targets (B) HTS bioassays (B5)
b5_112,float,,Dimension 112 for Signaturizer3D dataset targets (B) HTS bioassays (B5)
b5_113,float,,Dimension 113 for Signaturizer3D dataset targets (B) HTS bioassays (B5)
b5_114,float,,Dimension 114 for Signaturizer3D dataset targets (B) HTS bioassays (B5)
b5_115,float,,Dimension 115 for Signaturizer3D dataset targets (B) HTS bioassays (B5)
b5_116,float,,Dimension 116 for Signaturizer3D dataset targets (B) HTS bioassays (B5)
b5_117,float,,Dimension 117 for Signaturizer3D dataset targets (B) HTS bioassays (B5)
b5_118,float,,Dimension 118 for Signaturizer3D dataset targets (B) HTS bioassays (B5)
b5_119,float,,Dimension 119 for Signaturizer3D dataset targets (B) HTS bioassays (B5)
b5_120,float,,Dimension 120 for Signaturizer3D dataset targets (B) HTS bioassays (B5)
b5_121,float,,Dimension 121 for Signaturizer3D dataset targets (B) HTS bioassays (B5)
b5_122,float,,Dimension 122 for Signaturizer3D dataset targets (B) HTS bioassays (B5)
b5_123,float,,Dimension 123 for Signaturizer3D dataset targets (B) HTS bioassays (B5)
b5_124,float,,Dimension 124 for Signaturizer3D dataset targets (B) HTS bioassays (B5)
b5_125,float,,Dimension 125 for Signaturizer3D dataset targets (B) HTS bioassays (B5)
b5_126,float,,Dimension 126 for Signaturizer3D dataset targets (B) HTS bioassays (B5)
b5_127,float,,Dimension 127 for Signaturizer3D dataset targets (B) HTS bioassays (B5)